use clinic

-- Data Bệnh Nhân
INSERT INTO BenhNhan VALUES
('BN23456789', N'Trần Thị Mai', N'Nữ', '1995-05-20', N'123 Lê Lợi, Phường 2, Quận 3, TP Hồ Chí Minh', '0987654321', N'Huyết áp cao'),
('BN34567890', N'Lê Văn Nam', N'Nam', '1988-10-15', N'456 Nguyễn Huệ, Phường 3, Quận 5, TP Hồ Chí Minh', '0369852147', NULL),
('BN45678901', N'Phạm Thị Hằng', N'Nữ', '1972-03-08', N'789 Điện Biên Phủ, Phường 4, Quận 7, TP Hồ Chí Minh', '0123456987', N'Tiểu đường'),
('BN56789012', N'Hoàng Văn Long', N'Nam', '2002-07-18', N'101 Trần Hưng Đạo, Phường 5, Quận 10, TP Hồ Chí Minh', '0789456123', NULL),
('BN67890123', N'Nguyễn Thị Ngọc', N'Nữ', '1990-11-25', N'202 Nguyễn Trãi, Phường 6, Quận Bình Thạnh, TP Hồ Chí Minh', '0958741236', N'Tim mạch'),
('BN78901234', N'Trần Văn Dũng', N'Nam', '1980-01-30', N'303 Điện Biên Phủ, Phường 7, Quận Gò Vấp, TP Hồ Chí Minh', '0369857412', NULL),
('BN89012345', N'Lê Thị Thu Hà', N'Nữ', '1998-09-12', N'404 Nguyễn Đình Chiểu, Phường 8, Quận Tân Bình, TP Hồ Chí Minh', '0987446321', NULL),
('BN90123456', N'Nguyễn Văn Quân', N'Nam', '1985-06-28', N'505 Lê Duẩn, Phường 9, Quận 11, TP Hồ Chí Minh', '0895648555', N'Gút'),
('BN01234567', N'Trần Thị Thanh', N'Nữ', '1978-12-03', N'606 Trần Hưng Đạo, Phường 10, Quận 12, TP Hồ Chí Minh', '0333654789', N'Đau dạ dày'),
('BN12345678', N'Phan Văn Tú', N'Nam', '1996-08-14', N'707 Hoàng Văn Thụ, Phường 11, Quận Tân Phú, TP Hồ Chí Minh', '0369875521', N'HIV/AIDS'),
('BN23456788', N'Lê Thị Lan', N'Nữ', '1987-05-09', N'808 Nguyễn Văn Linh, Phường 12, Quận Bình Tân, TP Hồ Chí Minh', '0984646685', N'Suy gan'),
('BN34534368', N'Nguyễn Văn Dũng', N'Nam', '1992-02-17', N'909 Cách Mạng Tháng Tám, Phường 13, Quận Thủ Đức, TP Hồ Chí Minh', '0343543879', NULL),
('BN45677343', N'Trần Thị Hồng', N'Nữ', '1975-11-21', N'1010 Huỳnh Tấn Phát, Phường 14, Quận 7, TP Hồ Chí Minh', '0723654789', N'Ung thư'),
('BN56324344', N'Phạm Văn Thắng', N'Nam', '2001-04-27', N'1111 Nguyễn Thị Minh Khai, Phường 15, Quận 3, TP Hồ Chí Minh', '0315846888', NULL),
('BN37383435', N'Lê Thị Hương', N'Nữ', '1983-07-10', N'1212 Lê Lợi, Phường 16, Quận 5, TP Hồ Chí Minh', '0135438435', N'Asthma'),
('BN78934343', N'Nguyễn Văn Lâm', N'Nam', '1994-09-05', N'1313 Hai Bà Trưng, Phường 17, Quận 1, TP Hồ Chí Minh', '0353353555', NULL),
('BN87765456', N'Trần Văn Tuấn', N'Nam', '1989-08-02', N'1414 Võ Văn Tần, Phường 18, Quận 10, TP Hồ Chí Minh', '0523654789', NULL),
('BN90348743', N'Lê Thị Thu', N'Nữ', '1997-03-19', N'1515 Bà Huyện Thanh Quan, Phường 19, Quận 3, TP Hồ Chí Minh', '0315134868', N'Hen phế quản'),
('BN34387348', N'Phạm Văn Hùng', N'Nam', '1976-10-07', N'1616 Lê Hồng Phong, Phường 20, Quận 5, TP Hồ Chí Minh', '0956546485', N'Đái tháo đường'),
('BN43543878', N'Nguyễn Thị Hải', N'Nữ', '1993-02-25', N'1717 Nguyễn Văn Cừ, Phường 21, Quận 8, TP Hồ Chí Minh', '0359641236', NULL),
('BN23456878', N'Trần Văn Đức', N'Nam', '1986-06-11', N'1818 Nguyễn Cư Trinh, Phường 22, Quận 1, TP Hồ Chí Minh', '0223654789', NULL),
('BN34538785', N'Nguyễn Thị Thu', N'Nữ', '1979-09-03', N'1919 Nguyễn Thị Định, Phường 23, Quận Bình Thạnh, TP Hồ Chí Minh', '0313846847', N'Chứng liệt dương'),
('BN45643743', N'Trần Văn Hùng', N'Nam', '1999-07-22', N'2020 Phan Đăng Lưu, Phường 24, Quận Gò Vấp, TP Hồ Chí Minh', '0999798761', NULL),
('BN34387423', N'Lê Thị Thúy', N'Nữ', '1984-04-13', N'2121 Nguyễn Hữu Cầu, Phường 25, Quận Tân Bình, TP Hồ Chí Minh', '0538741236', N'Bệnh Parkinson'),
('BN31343848', N'Nguyễn Văn Hòa', N'Nam', '1991-01-09', N'2222 Trần Não, Phường 26, Quận 2, TP Hồ Chí Minh', '0348483833', NULL),
('BN78943548', N'Phạm Thị Hồng', N'Nữ', '1977-08-31', N'2323 Nguyễn Hữu Thọ, Phường 27, Quận 7, TP Hồ Chí Minh', '0369874521', N'Ung thư vú'),
('BN77384354', N'Lê Văn Dũng', N'Nam', '1995-05-25', N'2424 Lê Văn Việt, Phường 28, Quận 9, TP Hồ Chí Minh', '0987456321', NULL),
('BN99468738', N'Nguyễn Thị Thanh', N'Nữ', '1982-02-18', N'2525 Đặng Văn Ngữ, Phường 29, Quận Bình Thạnh, TP Hồ Chí Minh', '0666741236', N'Suy tim'),
('BN11134687', N'Phạm Thị Thùy', N'Nữ', '1980-03-16', N'2727 Bến Vân Đồn, Phường 31, Quận 4, TP Hồ Chí Minh', '0366868464', NULL),
('BN23456649', N'Lê Văn Thành', N'Nam', '1993-12-19', N'2828 Phạm Ngọc Thạch, Phường 32, Quận 3, TP Hồ Chí Minh', '0668764656', N'Tiểu đường'),
('BN34567345', N'Nguyễn Thị Hà', N'Nữ', '1981-01-05', N'2929 Trần Hưng Đạo, Phường 33, Quận 10, TP Hồ Chí Minh', '0658741236', NULL),
('BN44357343', N'Trần Văn Hòa', N'Nam', '1998-04-30', N'3030 Hàm Nghi, Phường 34, Quận 1, TP Hồ Chí Minh', '0123654789', NULL);

-- Data Phòng Khoa 
INSERT INTO PhongKhoa VALUES
('PK12345678', N'Da liễu - Thẩm mỹ', N'Chuyên khoa da liễu lâm sàng đảm nhận chẩn đoán, điều trị, dự phòng và phục hồi chức năng các bệnh lý thuộc chuyên ngành Phong và Da liễu (da và các phần phụ của da gồm lông, tóc, móng, tuyến mồ hôi). Ngoài ra còn bao gồm các bệnh lây truyền qua đường tình dục, và các bệnh lý liên quan đến da liễu do nhiễm HIV/AIDS. Những căn bệnh thường gặp ở khoa da liễu như: nám da, tàn nhang, mụn/sẹo/rạn da, viêm da cơ địa, viêm da tiếp xúc dị ứng/kích ứng, các bệnh về sắc tố da, lão hoá da, nấm, giang mai, sùi màu gà, vi nấm sâu gây bệnh nội tạng, ung thư tế bào đáy, ung thư tế bào gai, ung thư hắc tố, hôi nách, bớt sắc tố bẩm sinh, u máu, các khối u lành tính ở da, móng chọc thịt, nốt ruồi,...', 1),
('PK23456789', N'Tiêu hóa - Gan mật tụy', N'Là một chuyên khoa thuộc khối lâm sàng, giữ chức năng khám chữa tổng hợp các bệnh liên quan đến đường tiêu hóa và các cơ quan phụ trợ tiêu hoá. Chuyên khoa Tiêu hóa - Gan mật bao gồm 2 chuyên khoa nhỏ là Nội Tiêu hóa - Gan mật và Ngoại Tiêu hóa - gan mật', 1),
('PK34567890', N'Tai - Mũi - Họng', N'Chuyên khoa Tai Mũi Họng chuyên khám và điều trị các bệnh lý tai mũi họng thông thường, các khối u vùng đầu mặt cổ, các dị tật bẩm sinh vùng tai mũi họng bằng các phương pháp ngoại khoa phổ biến như phẫu thuật, vá nhĩ qua kính hiển vi hoặc nội soi, mổ lấy rò, phẫu thuật Bondy, khí dung họng mũi, chích cuốn mũi, đốt cuốn mũi,... Với các bệnh lý thường gặp ở khoa Tai Mũi Họng như: viêm đau họng, ù tai, viêm mũi không do dị ứng, ung thư cổ họng, thủng màng nhĩ, viêm tai giữa, viêm amidan, viêm V.A, viêm xương cấp, polyp dây thanh, ung thư thanh quản,...', 1),
('PK45678901', N'Hô hấp', N'Khoa hô hấp đảm nhận nhiệm vụ khám, chữa các bệnh lý liên quan đến hệ thống hô hấp, đảm bảo chức năng trao đổi không khí diễn ra trên toàn bộ các bộ phận cơ thể của con người. Theo thuật ngữ y khoa, khoa Hô hấp có thể được phân chia theo các phương pháp điều trị, bao gồm Nội hô hấp và Ngoại hô hấp.', 1),
('PK56789012', N'Mắt', N'Nhãn khoa là một phân ngành y học chuyên về mắt và những bệnh liên quan đến mắt. Khoa có chức năng chăm sóc sức khỏe mắt và thị giác toàn diện cho trẻ em, người lớn và người già bao gồm kiểm tra tật khúc xạ, khám tổng quát, siêu âm chẩn đoán, điều trị bằng laser và phẫu thuật. Bệnh cạnh đó, nhãn khoa cũng có nhiệm vụ phối hợp với các khoa lâm sàng khác trong việc điều trị các biến chứng bệnh lý và tổn thương về mắt do tai nạn. Các bệnh lý nhãn khoa phổ biến như: đau mắt hột, viêm bờ mi, mỏi mắt, bong giác mạc, bệnh Eales, Glôcôm, bệnh võng mạc, cận thị, khiếm thị, cườm thuỷ tinh thể, lẹo, lé, lệch khúc xạ, loạn thị, rối loạn sắc giác, tăng nhãn áp,...', 1);

-- Data Bác Sĩ
INSERT INTO BacSi VALUES
('BS12345678', N'Trần Quốc Trọng', N'Nam', 'PK12345678', N'Phó Giáo Sư, Tiến Sĩ, Bác Sĩ','tqt678@gmail.com', '0351384648', '/images/bacsi/bs1.png'),
('BS23456789', N'Nguyễn Thị Hồng', N'Nữ', 'PK23456789', N'Tiến Sĩ, Bác Sĩ','nth789@gmail.com', '0344388777', '/images/bacsi/bs2.png'),
('BS34567890', N'Lê Văn Dũng', N'Nam', 'PK34567890', N'Thạc Sĩ, Bác Sĩ','lvd890@gmail.com', '0234843568', '/images/bacsi/bs3.png'),
('BS45678901', N'Phạm Thị Thùy', N'Nữ', 'PK45678901', N'Giáo Sư, Tiến Sĩ, Bác Sĩ','ptt901@gmail.com', '0531384853', '/images/bacsi/bs4.png'),
('BS56789012', N'Trần Văn Hùng', N'Nam', 'PK56789012', N'Bác Sĩ','tvh012@gmail.com', '0466846465', '/images/bacsi/bs5.png'),
('BS67890123', N'Nguyễn Thị Thanh', N'Nữ', 'PK56789012', N'Tiến Sĩ, Bác Sĩ','ntt123@gmail.com', '0768494643', '/images/bacsi/bs6.png'),
('BS78901234', N'Lê Văn Thanh', N'Nam', 'PK34567890', N'Bác Sĩ','lvt234@gmail.com', '0987456321', '/images/bacsi/bs7.png'),
('BS89012345', N'Nguyễn Thị Dung', N'Nữ', 'PK45678901', N'Phó Giáo Sư, Tiến Sĩ, Bác Sĩ','ntd345@gmail.com', '0658741236', '/images/bacsi/bs8.png'),
('BS90123456', N'Trần Văn Tuấn', N'Nam', 'PK34567890', N'Tiến Sĩ, Bác Sĩ','tvt456@gmail.com', '0894646865', '/images/bacsi/bs9.png'),
('BS01234567', N'Phạm Thị Tươi', N'Nữ', 'PK12345678', N'Tiến Sĩ, Bác Sĩ','ptt567@gmail.com', '0369874521', '/images/bacsi/bs10.png'),
('BS38684313', N'Đoàn Quốc Trung', N'Nam', 'PK23456789', N'Thạc sĩ, Bác sĩ','dqt313@gmail.com', '0346846846', '/images/bacsi/bs11.png'),
('BS68768435', N'Nguyễn Trung Sơn', N'Nam', 'PK56789012', N'Bác sĩ','nts435@gmail.com', '0343873859', '/images/bacsi/bs12.png');

-- Data Dịch Vụ
INSERT INTO DichVu VALUES
('DV12345678', N'Khám và tư vấn da liễu', 'PK12345678', N'Đánh giá da, tư vấn phác đồ điều trị, giáo dục chăm sóc da', 300000),
('DV23456789', N'Điều trị mụn', 'PK12345678', N'Loại bỏ mụn, giảm viêm, ngăn ngừa sẹo', 1000000),
('DV34567890', N'Làm sáng da', 'PK12345678', N'Tẩy tế bào chết, dưỡng trắng da, trị nám, tàn nhang', 1200000),
('DV45678901', N'Khám và tư vẫn tiêu hóa', 'PK23456789', N'Đánh giá hệ tiêu hóa, chẩn đoán và điều trị các bệnh lý tiêu hóa', 250000),
('DV56789012', N'Nội soi dạ dày', 'PK23456789', N'Kiểm tra trực tiếp bên trong dạ dày, thực quản, tá tràng để chẩn đoán và điều trị các bệnh lý tiêu hóa', 1500000),
('DV67890123', N'Siêu âm bụng', 'PK23456789', N'Hình ảnh các cơ quan nội tạng trong ổ bụng, chẩn đoán các bệnh lý tiêu hóa, gan mật, thận tiết niệu', 400000),
('DV78901234', N'Khám tai mũi họng tổng quát', 'PK34567890', N'Đánh giá sức khỏe tai mũi họng, phát hiện sớm các bệnh lý', 300000),
('DV89012345', N'Nội soi tai mũi họng', 'PK34567890', N'Kiểm tra trực tiếp bên trong tai, mũi, họng để chẩn đoán và điều trị các bệnh lý', 450000),
('DV90123456', N'Làm sạch tai', 'PK34567890', N'Loại bỏ ráy tai, bụi bẩn, giảm nguy cơ viêm nhiễm tai', 95000),
('DV01234567', N'Kiểm tra hô hấp và đo chức năng phổi', 'PK45678901', N'Đánh giá chức năng hô hấp, phát hiện sớm các bệnh lý hô hấp như hen suyễn, viêm phổi, bệnh phổi tắc nghẽn mạn tính', 600000),
('DV30383484', N'Xét nghiệm viêm phổi', 'PK45678901', N'Chẩn đoán xác định viêm phổi do vi khuẩn, virus, nấm hoặc các tác nhân khác', 450000),
('DV31313483', N'Khám và điều trị hen suyễn', 'PK45678901', N'Chẩn đoán, điều trị và kiểm soát hen suyễn, giảm thiểu các cơn hen suyễn cấp', 1200000),
('DV03158438', N'Kiểm tra mắt và đo thị lực', 'PK56789012', N'Đánh giá sức khỏe mắt, phát hiện tật khúc xạ (cận thị, viễn thị, loạn thị), các bệnh lý về mắt như đục thủy tinh thể, glocom,...', 400000),
('DV13846433', N'Điều trị viêm kết mạc', 'PK56789012', N'Điều trị các triệu chứng viêm kết mạc như ngứa, đỏ, chảy nước mắt, giúp mắt mau lành và giảm nguy cơ biến chứng', 1000000),
('DV24987635', N'Soi đáy mắt', 'PK56789012', N'Khám phá bên trong mắt, phát hiện sớm các bệnh lý võng mạc, dây thần kinh thị giác, giúp bảo vệ thị lực', 600000);

-- Data Lịch Khám
INSERT INTO LichKham VALUES
('LK23456789', 'BN23456789', 'BS12345678', 'DV23456789', '2024-03-02', '09:30', N'Nhiều mụn đỏ, sưng', N'Hoàn thành'),
('LK34567890', 'BN34567890', 'BS23456789', 'DV45678901', '2024-03-03', '11:00', N'Đau bụng', N'Hoàn thành'),
('LK45678901', 'BN45678901', 'BS34567890', 'DV89012345', '2024-03-04', '14:30', N'Ho', N'Hoàn thành'),
('LK56789012', 'BN56789012', 'BS45678901', 'DV31313483', '2024-03-05', '15:45', N'Khó thở', N'Hoàn thành'),
('LK67890123', 'BN67890123', 'BS56789012', 'DV03158438', '2024-03-06', '10:30', NULL, N'Hoàn thành'),
('LK78901234', 'BN78901234', 'BS67890123', 'DV03158438', '2024-03-07', '08:00', NULL, N'Hoàn thành'),
('LK89012345', 'BN89012345', 'BS78901234', 'DV90123456', '2024-03-08', '13:00', N'Ngứa tai', N'Hoàn thành'),
('LK90123456', 'BN90123456', 'BS89012345', 'DV30383484', '2024-03-09', '16:20', N'Ho nhiều', N'Hoàn thành'),
('LK03135483', 'BN01234567', 'BS90123456', 'DV78901234', '2024-03-10', '17:30', NULL, N'Hoàn thành'),
('LK34384531', 'BN12345678', 'BS01234567', 'DV12345678', '2024-03-11', '09:45', NULL, N'Hoàn thành'),
('LK35484888', 'BN23456788', 'BS38684313', 'DV56789012', '2024-03-12', '11:15', N'Đau bụng', N'Hoàn thành'),
('LK33213488', 'BN34534368', 'BS68768435', 'DV13846433', '2024-03-13', '13:40', N'Đau mắt', N'Hoàn thành'),
('LK47945132', 'BN45677343', 'BS12345678', 'DV12345678', '2024-03-14', '15:00', NULL, N'Hoàn thành'),
('LK51313884', 'BN56324344', 'BS23456789', 'DV67890123', '2024-03-15', '10:10', N'Đau bao tử', N'Hoàn thành'),
('LK61033885', 'BN37383435', 'BS34567890', 'DV78901234', '2024-03-16', '12:20', N'Mắt mờ', N'Hoàn thành'),
('LK70131485', 'BN78934343', 'BS45678901', 'DV01234567', '2024-03-17', '14:50', NULL, N'Hoàn thành'),
('LK87656132', 'BN87765456', 'BS56789012', 'DV03158438', '2024-03-18', '16:45', N'Mắt mờ', N'Hoàn thành'),
('LK94511355', 'BN90348743', 'BS67890123', 'DV03158438', '2024-03-19', '08:30', N'Đau mắt', N'Hoàn thành'),
('LK01234567', 'BN43543878', 'BS78901234', 'DV78901234', '2024-03-20', '09:20', N'Nhiều đờm', N'Hoàn thành'),
('LK12345678', 'BN23456878', 'BS89012345', 'DV01234567', '2024-03-21', '10:35', NULL, N'Hoàn thành'),
('LK79468451', 'BN34538785', 'BS90123456', 'DV90123456', '2024-03-22', '12:00', N'Tai bẩn', N'Hoàn thành'),
('LK39786513', 'BN31343848', 'BS01234567', 'DV34567890', '2024-03-23', '14:15', N'Da đen', N'Hoàn thành'),
('LK46878643', 'BN78943548', 'BS38684313', 'DV45678901', '2024-03-24', '15:30', N'Đau bụng trên', N'Hoàn thành'),
('LK13543351', 'BN77384354', 'BS68768435', 'DV24987635', '2024-03-25', '17:00', NULL, N'Hoàn thành'),
('LK34384351', 'BN99468738', 'BS12345678', 'DV12345678', '2024-03-26', '08:40', NULL, N'Hoàn thành'),
('LK03387351', 'BN11134687', 'BS23456789', 'DV67890123', '2024-03-27', '09:55', N'Đau bụng', N'Hoàn thành'),
('LK26487321', 'BN23456649', 'BS34567890', 'DV78901234', '2024-03-28', '11:10', NULL, N'Hủy'),
('LK84684512', 'BN34567345', 'BS45678901', 'DV01234567', '2024-03-29', '12:25', NULL, N'Hoàn thành'),
('LK76451313', 'BN44357343', 'BS56789012', 'DV03158438', '2024-03-30', '13:40', NULL, N'Hoàn thành'),
('LK45686553', 'BN31343848', 'BS67890123', 'DV03158438', '2024-03-31', '14:55', NULL, N'Hoàn thành'),
('LK98765155', 'BN78943548', 'BS78901234', 'DV78901234', '2024-04-01', '16:10', N'Đau rát họng', N'Hoàn thành'),
('LK13548431', 'BN77384354', 'BS89012345', 'DV01234567', '2024-04-02', '17:25', NULL, N'Hủy'),
('LK03154883', 'BN99468738', 'BS90123456', 'DV90123456', '2024-04-10', '08:50', N'Khó nghe', N'Hoàn thành'),
('LK03134845', 'BN11134687', 'BS01234567', 'DV34567890', '2024-04-16', '10:05', N'Da sạm', N'Đang chờ'),
('LK03543585', 'BN45643743', 'BS38684313', 'DV45678901', '2024-04-17', '11:20', N'Đau bụng', N'Đang chờ'),
('LK68765132', 'BN34387423', 'BS68768435', 'DV24987635', '2024-04-18', '12:35', N'Mắt nhạy sáng', N'Đang chờ'),
('LK34383515', 'BN45643743', 'BS56789012', 'DV03158438', '2024-04-19', '13:50', NULL, N'Đang chờ'),
('LK38787645', 'BN34387423', 'BS67890123', 'DV03158438', '2024-04-20', '15:05', NULL, N'Đang chờ'),
('LK03184513', 'BN34387348', 'BS78901234', 'DV78901234', '2024-04-21', '16:20', N'Nghẹt mũi', N'Đang chờ'),
('LK03143848', 'BN34387348', 'BS89012345', 'DV31313483', '2024-04-22', '17:35', N'Hen', N'Đang chờ');

-- Data Nhà Cung Cấp
INSERT INTO NCC VALUES
('NC12345678', 'ABC Pharmaceuticals', 'pharmaceutical@gmail.com', '0225345678'),
('NC23456789', 'XYZ Cosmetics', 'cosmetics@gmail.com', '0223456789'),
('NC34567890', 'Sunshine Co.', 'sunshine@gmail.com', '0224567890'),
('NC45678901', 'DEF Pharma', 'defpharma@gmail.com', '0225678901'),
('NC56789012', 'JKL Medical Supplies', 'medicalsup@gmail.com', '0226789012'),
('NC67890123', 'MNO Medical Equipment', 'medequip@gmail.com', '0227890123'),
('NC78901234', 'PQR Medical Supplies', 'pqrmed@gmail.com', '0228901234'),
('NC89012345', 'STU Pharmaceuticals', 'stupharma@gmail.com', '0229012345'),
('NC90123456', 'VWX Cosmetics', 'vmxcos@gmail.com', '0220123456'),
('NC01234657', 'YZA Medical Equip', 'yzamed@gmail.com', '0221234567');

-- Data Thuốc
INSERT INTO Thuoc VALUES 
('TH12345678', 'Corticosteroid', N'Thuốc chống viêm', 'NC12345678', 50000, 100, '2024-03-10', '2025-03-10'),
('TH23456789', 'Moisturizing Cream', N'Kem dưỡng ẩm', 'NC23456789', 80000, 50, '2024-02-15', '2024-08-15'),
('TH34567890', 'Sunscreen SPF 50', N'Kem chống nắng', 'NC34567890', 120000, 80, '2024-01-20', '2025-01-20'),
('TH45678901', 'Benzoyl Peroxide', N'Thuốc trị mụn đỏ', 'NC45678901', 70000, 120, '2024-04-05', '2025-04-05'),
('TH56789012', 'Salicylic Acid', N'Kem trị mụn', 'NC56789012', 90000, 80, '2024-03-20', '2025-03-20'),
('TH67890123', 'Cleansing Gel', N'Thuốc làm sạch da', 'NC12345678', 60000, 150, '2024-02-10', '2025-02-10'),
('TH78901234', 'Whitening Serum', N'Serum làm sáng da', 'NC12345678', 200000, 50, '2024-03-15', '2025-03-15'),
('TH89012345', 'Anti-aging Cream', N'Kem chống lão hóa', 'NC34567890', 150000, 70, '2024-02-20', '2025-02-20'),
('TH90123456', 'Brightening Mask', N'Mặt nạ làm sáng da', 'NC23456789', 180000, 40, '2024-01-25', '2024-07-25'),
('TH36468468', 'Omeprazole', N'Thuốc chống axit dạ dày', 'NC56789012', 60000, 100, '2024-04-10', '2025-04-10'),
('TH64643354', 'Simethicone', N'Thuốc kháng phồng', 'NC34567890', 45000, 80, '2024-03-20', '2025-03-20'),
('TH24646846', 'Ultrasound Gel', N'Gel siêu âm', 'NC56789012', 50000, 120, '2024-04-05', '2025-04-05'),
('TH64684345', 'Doxycycline', N'Thuốc chống vi khuẩn', 'NC45678901', 90000, 90, '2024-03-10', '2025-03-10'),
('TH46766645', 'Amoxicillin', N'Thuốc kháng sinh', 'NC12345678', 60000, 100, '2024-04-10', '2025-04-10'),
('TH16468468', 'Ear Wax Removal Drops', N'Dung dịch làm sạch tai', 'NC45678901', 50000, 120, '2024-04-05', '2025-04-05'),
('TH16468435', 'Bronchodilators', N'Thuốc giãn phế quản', 'NC56789012', 90000, 90, '2024-03-10', '2025-03-10'),
('TH13843431', 'Antibiotic Eye Drops', N'Thuốc nhỏ mắt kháng sinh', 'NC45678901', 80000, 50, '2024-02-15', '2024-08-15'),
('TH48979846', 'Steroid Eye Drops', N'Thuốc nhỏ mắt', 'NC34567890', 70000, 70, '2024-01-20', '2025-01-20');

-- Data Thiết Bị
INSERT INTO ThietBi VALUES
('TB12345678',	N'Máy soi da liễu', N'Thiết bị', 'NC67890123', '2022-04-10', 20000000, 1),
('TB23456789',	N'Máy laser trị mụn', N'Thiết bị', 'NC67890123', '2022-04-12', 50000000, 1),
('TB34567890',	N'Máy trẻ hóa da', N'Thiết bị', 'NC67890123', '2022-04-15', 100000000, 1),
('TB45678901',	N'Máy nội soi dạ dày', N'Thiết bị', 'NC01234657', '2022-04-11', 80000000, 1),
('TB56789012',	N'Máy siêu âm bụng', N'Thiết bị', 'NC01234657', '2022-04-14', 120000000, 1),
('TB67890123',	N'Ghế khám tai mũi họng', N'Dụng cụ', 'NC01234657', '2022-04-10', 2000000, 2),
('TB78901234',	N'Kính nội soi tai mũi họng', N'Dụng cụ', 'NC01234657', '2022-04-12', 30000000, 1),
('TB89012345',	N'Máy hút tai', N'Thiết bị', 'NC78901234', '2023-04-15', 5000000, 1),
('TB90123456',	N'Máy đo chức năng hô hấp',	N'Thiết bị', 'NC90123456', '2023-04-11', 40000000, 1),
('TB01234657',	N'Máy xét nghiệm viêm phổi', N'Thiết bị', 'NC90123456', '2022-04-14', 25000000, 1),
('TB16876873',	N'Bảng đo thị lực', N'Dụng cụ', 'NC90123456', '2021-04-10', 1000000, 1),
('TB38435465',	N'Máy đo mắt', N'Thiết bị', 'NC90123456', '2020-04-12', 15000000, 1),
('TB38468464',	N'Máy soi đáy mắt',	N'Thiết bị', 'NC67890123', '2022-04-15', 35000000, 1),
('TB78634343',	N'Giường khám',	N'Dụng cụ', 'NC67890123', '2024-04-10', 1500000, 3),
('TB46873435',	N'Bàn khám', N'Dụng cụ', 'NC78901234',	'2024-04-12', 1000000, 3),
('TB68384345',	N'Ghế bệnh nhân', N'Dụng cụ', 'NC67890123', '2024-04-15', 500000, 5),
('TB34384345',	N'Tủ thuốc', 'Dụng cụ', 'NC67890123', '2024-04-10', 3000000, 2),
('TB87634164',	N'Xe đẩy thuốc', N'Dụng cụ', 'NC89012345', '2024-04-12', 2000000, 1),
('TB46806165',	N'Bình oxy', N'Thiết bị', 'NC78901234', '2024-04-15', 5000000, 1),
('TB46843842',	N'Máy đo huyết áp', N'Thiết bị', 'NC78901234', '2024-04-10', 1000000, 2),
('TB68731155',	N'Nhiệt kế', N'Dụng cụ', 'NC90123456', '2024-04-12', 200000, 3),
('TB67121321',	N'Máy nghe tim', N'Dụng cụ', 'NC89012345', '2024-04-15', 500000, 2),
('TB68438432',	N'Búa phản xạ', N'Dụng cụ', 'NC90123456', '2024-04-10', 300000, 2),
('TB86483438',	N'Đèn khám', N'Dụng cụ', 'NC89012345', '2024-04-12', 1500000, 2),
('TB68743843',	N'Máy tiêm', N'Dụng cụ', 'NC90123456', '2024-04-15', 200000, 2),
('TB43854382',	N'Găng tay y tế', N'Vật tư', 'NC01234657', '2024-04-10', 50000, 100),
('TB38430303',	N'Khẩu trang y tế', N'Vật tư', 'NC90123456', '2024-04-12', 300000, 400),
('TB13584984',	N'Nước sát khuẩn', N'Vật tư', 'NC01234657', '2024-04-15', 400000, 20);


-- Data Hóa Đơn 
INSERT INTO HoaDon VALUES
('HD23456789', 'BN23456789', 'BS12345678', '2024-03-02', 10, 1160000, 1044000),
('HD34567890', 'BN34567890', 'BS23456789', '2024-03-03', 10, 340000, 306000),
('HD45678901', 'BN45678901', 'BS34567890', '2024-03-04', 30, 660000, 462000),
('HD56789012', 'BN56789012', 'BS45678901', '2024-03-05', 10, 1200000, 1080000),
('HD67890123', 'BN67890123', 'BS56789012', '2024-03-06', 10, 400000, 360000),
('HD78901234', 'BN78901234', 'BS67890123', '2024-03-07', 10, 400000, 360000),
('HD89012345', 'BN89012345', 'BS78901234', '2024-03-08', 60, 95000, 38000),
('HD90123456', 'BN90123456', 'BS89012345', '2024-03-09', 10, 840000, 756000),
('HD01234567', 'BN01234567', 'BS90123456', '2024-03-10', 10, 300000, 270000),
('HD12345678', 'BN12345678', 'BS01234567', '2024-03-11', 10, 610000, 549000),
('HD27978644', 'BN23456788', 'BS38684313', '2024-03-12', 60, 1500000, 600000),
('HD34084915', 'BN34534368', 'BS68768435', '2024-03-13', 10, 1160000, 1044000),
('HD49789456', 'BN45677343', 'BS12345678', '2024-03-14', 10, 500000, 450000),
('HD79792246', 'BN56324344', 'BS23456789', '2024-03-15', 10, 520000, 468000),
('HD18841645', 'BN37383435', 'BS34567890', '2024-03-16', 30, 300000, 210000),
('HD79854064', 'BN78934343', 'BS45678901', '2024-03-17', 30, 780000, 546000),
('HD48676864', 'BN87765456', 'BS56789012', '2024-03-18', 10, 470000, 423000),
('HD94546840', 'BN90348743', 'BS67890123', '2024-03-19', 10, 470000, 423000),
('HD07984665', 'BN43543878', 'BS78901234', '2024-03-20', 60, 300000, 120000),
('HD13031884', 'BN23456878', 'BS89012345', '2024-03-21', 10, 600000, 540000),
('HD20313846', 'BN34538785', 'BS90123456', '2024-03-22', 10, 95000, 86000),
('HD38866515', 'BN31343848', 'BS01234567', '2024-03-23', 10, 1200000, 1080000),
('HD19798685', 'BN78943548', 'BS38684313', '2024-03-24', 10, 250000, 225000),
('HD53154854', 'BN77384354', 'BS68768435', '2024-03-25', 10, 760000, 684000),
('HD62133485', 'BN99468738', 'BS12345678', '2024-03-26', 30, 500000, 350000),
('HD03386845', 'BN11134687', 'BS23456789', '2024-03-27', 10, 520000, 468000),
('HD98313852', 'BN34567345', 'BS45678901', '2024-03-29', 30, 600000, 420000),
('HD03843531', 'BN44357343', 'BS56789012', '2024-03-30', 10, 400000, 360000),
('HD89465435', 'BN31343848', 'BS67890123', '2024-03-31', 10, 400000, 360000),
('HD23468768', 'BN78943548', 'BS78901234', '2024-04-01', 10, 300000, 27000),
('HD47683535', 'BN99468738', 'BS90123456', '2024-04-10', 30, 95000, 67000);

-- Data Nhân Viên
INSERT INTO NhanVien VALUES
('NV12345678', N'Lê Trung Anh', N'Nam', N'111 Lý Thường Kiệt, Phường 11, Quận 11, TP Hồ Chí Minh', 'letrunganh@gmail.com', '0318443539', '/images/nhanvien/nv1.png'),
('NV23456789', N'Nguyễn Tuấn Anh', N'Nam', N'359 Võ Văn Kiệt, Phường 6, Quận 8, TP Hồ Chí Minh', 'ngtuanh@gmail.com', '0384651359', '/images/nhanvien/nv2.png'),
('NV34567890', N'Nguyễn Thị Quyên', N'Nữ', N'12 Lê Lai, Phường Bến Thành, Quận 1, TP Hồ Chí Minh', 'ngthquyen@gmail.com', '0359998741', '/images/nhanvien/nv3.png'),
('NV45678901', N'Lê Phương Nhung', N'Nữ', N'23 Nguyễn Trãi, Phường 2, Quận 5, TP Hồ Chí Minh', 'phdung@gmail.com', '0318486459', '/images/nhanvien/nv4.png'),
('NV56789012', N'Trần Thúy Hiền', N'Nữ', N'45 Lê Lợi, Phường 3, Quận 10, TP Hồ Chí Minh', 'thhien@gmail.com', '0398467015', '/images/nhanvien/nv5.png'),
('NV67890123', N'Đào Vân Anh', N'Nữ', N'67 Nguyễn Văn Cừ, Phường 1, Quận 5, TP Hồ Chí Minh', 'daoanh@gmail.com', '0311126846', '/images/nhanvien/nv6.png');

-- Data Tài Khoản
INSERT INTO TaiKhoan VALUES
('BS12345678', 'bacsi1', '123456789'),
('BS23456789', 'bacsi2', '234567890'),
('BS34567890', 'bacsi3', '345678901'),
('BS45678901', 'bacsi4', '456789012'),
('BS56789012', 'bacsi5', '567890123'),
('BS67890123', 'bacsi6', '678901234'),
('BS78901234', 'bacsi7', '789012345'),
('BS89012345', 'bacsi8', '890123456'),
('BS90123456', 'bacsi9', '901234567'),
('BS01234567', 'bacsi10', '012345678'),
('BS38684313', 'bacsi11', '123454677'),
('BS68768435', 'bacsi12', '12345671'),
('NV12345678', 'nhanvien1', '12345672'),
('NV23456789', 'nhanvien2', '12345673'),
('NV34567890', 'nhanvien3', '12345674'),
('NV45678901', 'nhanvien4', '12345675'),
('NV56789012', 'nhanvien5', '12345676'),
('NV67890123', 'nhanvien6', '12345677');